DROP DATABASE if EXISTS BroodjeApp;
CREATE DATABASE  BroodjeApp;
USE BroodjeApp;

CREATE TABLE IF NOT EXISTS
beleg(
    belegId int NOT NULL AUTO_INCREMENT PRIMARY KEY,
    belegNaam varchar(20),
    belegPrijs float
);

CREATE TABLE IF NOT EXISTS
bestelling(
    bestellingId int NOT NULL AUTO_INCREMENT PRIMARY KEY,
    broodjeId int NOT NULL,
    cursistId int NOT NULL,
    bestellingDatum DATE
);

CREATE TABLE IF NOT EXISTS
broodje(
    broodjeId int NOT NULL AUTO_INCREMENT PRIMARY KEY,
    belegId int NOT NULL,
    formaatId int NOT NULL,
    sausId int NOT NULL,
    broodId int NOT NULL
);

CREATE TABLE IF NOT EXISTS
cursist(
    cursistId int NOT NULL AUTO_INCREMENT PRIMARY KEY,
    email varchar(50),
    wachtwoord varchar(50)
);

CREATE TABLE IF NOT EXISTS
formaat(
    formaatId int NOT NULL AUTO_INCREMENT PRIMARY KEY,
    formaatNaam varchar(20),
    formaatPrijs float
);

CREATE TABLE IF NOT EXISTS
saus(
    sausId int NOT NULL AUTO_INCREMENT PRIMARY KEY,
    sausNaam varchar(20),
    sausPrijs float
);

CREATE TABLE IF NOT EXISTS
brood(
    broodId int NOT NULL AUTO_INCREMENT PRIMARY KEY,
    broodNaam varchar(20),
    broodPrijs float
);

-- INSERT TABLE DATA HERE
INSERT INTO beleg(belegId,belegNaam, belegPrijs)
VALUES
(1, "croque", 5.00),
(2, "hesp", 3.80),
(3, "kaas", 3.80),
(4, "martino", 4.00),
(5, "rosbief", 4.20);

INSERT INTO bestelling(bestellingId,broodjeId,cursistId,bestellingDatum)
VALUES
(1, 8, 15, "2013/07/19"),
(2, 6, 1, "2013/06/22"),
(3, 9, 20, "2010/06/13"),
(4, 4, 10, "2010/06/05"),
(5, 9, 12, "2010/11/05"),
(6, 8, 2, "2020/08/15"),
(7, 10, 19, "2022/10/22"),
(8, 7, 10, "2022/09/12"),
(9, 1, 14, "2015/01/04"),
(10, 5, 2, "2020/01/12"),
(11, 7, 5, "2021/08/28"),
(12, 3, 20, "2012/04/14"),
(13, 4, 9, "2022/11/19"),
(14, 2, 7, "2019/05/22"),
(15, 4, 14, "2013/09/12"),
(16, 3, 14, "2010/09/06"),
(17, 6, 12, "2013/12/22"),
(18, 1, 5, "2018/07/19"),
(19, 3, 2, "2021/04/02"),
(20, 1, 20, "2017/04/07"),
(21, 10, 12, "2017/03/25"),
(22, 8, 2, "2016/05/15"),
(23, 3, 4, "2018/05/11"),
(24, 3, 4, "2017/03/18"),
(25, 10, 10, "2013/05/01");

INSERT INTO broodje(broodjeId,belegId, formaatId, sausId, broodId)
VALUES
(1, 1, 1, 1, 1),
(2, 1, 1, 1, 2),
(3, 1, 1, 1, 3),
(4, 1, 1, 1, 4),
(5, 1, 1, 2, 1),
(6, 1, 1, 2, 2),
(7, 1, 1, 2, 3),
(8, 1, 1, 2, 4),
(9, 1, 1, 3, 1),
(10, 1, 1, 3, 2),
(11, 1, 1, 3, 3),
(12, 1, 1, 3, 4),
(13, 1, 1, 4, 1),
(14, 1, 1, 4, 2),
(15, 1, 1, 4, 3),
(16, 1, 1, 4, 4),
(17, 1, 1, 5, 1),
(18, 1, 1, 5, 2),
(19, 1, 1, 5, 3),
(20, 1, 1, 5, 4),
(21, 1, 1, 6, 1),
(22, 1, 1, 6, 2),
(23, 1, 1, 6, 3),
(24, 1, 1, 6, 4),
(25, 1, 2, 1, 1),
(26, 1, 2, 1, 2),
(27, 1, 2, 1, 3),
(28, 1, 2, 1, 4),
(29, 1, 2, 2, 1),
(30, 1, 2, 2, 2),
(31, 1, 2, 2, 3),
(32, 1, 2, 2, 4),
(33, 1, 2, 3, 1),
(34, 1, 2, 3, 2),
(35, 1, 2, 3, 3),
(36, 1, 2, 3, 4),
(37, 1, 2, 4, 1),
(38, 1, 2, 4, 2),
(39, 1, 2, 4, 3),
(40, 1, 2, 4, 4),
(41, 1, 2, 5, 1),
(42, 1, 2, 5, 2),
(43, 1, 2, 5, 3),
(44, 1, 2, 5, 4),
(45, 1, 2, 6, 1),
(46, 1, 2, 6, 2),
(47, 1, 2, 6, 3),
(48, 1, 2, 6, 4),
(49, 1, 3, 1, 1),
(50, 1, 3, 1, 2),
(51, 1, 3, 1, 3),
(52, 1, 3, 1, 4),
(53, 1, 3, 2, 1),
(54, 1, 3, 2, 2),
(55, 1, 3, 2, 3),
(56, 1, 3, 2, 4),
(57, 1, 3, 3, 1),
(58, 1, 3, 3, 2),
(59, 1, 3, 3, 3),
(60, 1, 3, 3, 4),
(61, 1, 3, 4, 1),
(62, 1, 3, 4, 2),
(63, 1, 3, 4, 3),
(64, 1, 3, 4, 4),
(65, 1, 3, 5, 1),
(66, 1, 3, 5, 2),
(67, 1, 3, 5, 3),
(68, 1, 3, 5, 4),
(69, 1, 3, 6, 1),
(70, 1, 3, 6, 2),
(71, 1, 3, 6, 3),
(72, 1, 3, 6, 4),
(73, 2, 1, 1, 1),
(74, 2, 1, 1, 2),
(75, 2, 1, 1, 3),
(76, 2, 1, 1, 4),
(77, 2, 1, 2, 1),
(78, 2, 1, 2, 2),
(79, 2, 1, 2, 3),
(80, 2, 1, 2, 4),
(81, 2, 1, 3, 1),
(82, 2, 1, 3, 2),
(83, 2, 1, 3, 3),
(84, 2, 1, 3, 4),
(85, 2, 1, 4, 1),
(86, 2, 1, 4, 2),
(87, 2, 1, 4, 3),
(88, 2, 1, 4, 4),
(89, 2, 1, 5, 1),
(90, 2, 1, 5, 2),
(91, 2, 1, 5, 3),
(92, 2, 1, 5, 4),
(93, 2, 1, 6, 1),
(94, 2, 1, 6, 2),
(95, 2, 1, 6, 3),
(96, 2, 1, 6, 4),
(97, 2, 2, 1, 1),
(98, 2, 2, 1, 2),
(99, 2, 2, 1, 3),
(100, 2, 2, 1, 4),
(101, 2, 2, 2, 1),
(102, 2, 2, 2, 2),
(103, 2, 2, 2, 3),
(104, 2, 2, 2, 4),
(105, 2, 2, 3, 1),
(106, 2, 2, 3, 2),
(107, 2, 2, 3, 3),
(108, 2, 2, 3, 4),
(109, 2, 2, 4, 1),
(110, 2, 2, 4, 2),
(111, 2, 2, 4, 3),
(112, 2, 2, 4, 4),
(113, 2, 2, 5, 1),
(114, 2, 2, 5, 2),
(115, 2, 2, 5, 3),
(116, 2, 2, 5, 4),
(117, 2, 2, 6, 1),
(118, 2, 2, 6, 2),
(119, 2, 2, 6, 3),
(120, 2, 2, 6, 4),
(121, 2, 3, 1, 1),
(122, 2, 3, 1, 2),
(123, 2, 3, 1, 3),
(124, 2, 3, 1, 4),
(125, 2, 3, 2, 1),
(126, 2, 3, 2, 2),
(127, 2, 3, 2, 3),
(128, 2, 3, 2, 4),
(129, 2, 3, 3, 1),
(130, 2, 3, 3, 2),
(131, 2, 3, 3, 3),
(132, 2, 3, 3, 4),
(133, 2, 3, 4, 1),
(134, 2, 3, 4, 2),
(135, 2, 3, 4, 3),
(136, 2, 3, 4, 4),
(137, 2, 3, 5, 1),
(138, 2, 3, 5, 2),
(139, 2, 3, 5, 3),
(140, 2, 3, 5, 4),
(141, 2, 3, 6, 1),
(142, 2, 3, 6, 2),
(143, 2, 3, 6, 3),
(144, 2, 3, 6, 4),
(145, 3, 1, 1, 1),
(146, 3, 1, 1, 2),
(147, 3, 1, 1, 3),
(148, 3, 1, 1, 4),
(149, 3, 1, 2, 1),
(150, 3, 1, 2, 2),
(151, 3, 1, 2, 3),
(152, 3, 1, 2, 4),
(153, 3, 1, 3, 1),
(154, 3, 1, 3, 2),
(155, 3, 1, 3, 3),
(156, 3, 1, 3, 4),
(157, 3, 1, 4, 1),
(158, 3, 1, 4, 2),
(159, 3, 1, 4, 3),
(160, 3, 1, 4, 4),
(161, 3, 1, 5, 1),
(162, 3, 1, 5, 2),
(163, 3, 1, 5, 3),
(164, 3, 1, 5, 4),
(165, 3, 1, 6, 1),
(166, 3, 1, 6, 2),
(167, 3, 1, 6, 3),
(168, 3, 1, 6, 4),
(169, 3, 2, 1, 1),
(170, 3, 2, 1, 2),
(171, 3, 2, 1, 3),
(172, 3, 2, 1, 4),
(173, 3, 2, 2, 1),
(174, 3, 2, 2, 2),
(175, 3, 2, 2, 3),
(176, 3, 2, 2, 4),
(177, 3, 2, 3, 1),
(178, 3, 2, 3, 2),
(179, 3, 2, 3, 3),
(180, 3, 2, 3, 4),
(181, 3, 2, 4, 1),
(182, 3, 2, 4, 2),
(183, 3, 2, 4, 3),
(184, 3, 2, 4, 4),
(185, 3, 2, 5, 1),
(186, 3, 2, 5, 2),
(187, 3, 2, 5, 3),
(188, 3, 2, 5, 4),
(189, 3, 2, 6, 1),
(190, 3, 2, 6, 2),
(191, 3, 2, 6, 3),
(192, 3, 2, 6, 4),
(193, 3, 3, 1, 1),
(194, 3, 3, 1, 2),
(195, 3, 3, 1, 3),
(196, 3, 3, 1, 4),
(197, 3, 3, 2, 1),
(198, 3, 3, 2, 2),
(199, 3, 3, 2, 3),
(200, 3, 3, 2, 4),
(201, 3, 3, 3, 1),
(202, 3, 3, 3, 2),
(203, 3, 3, 3, 3),
(204, 3, 3, 3, 4),
(205, 3, 3, 4, 1),
(206, 3, 3, 4, 2),
(207, 3, 3, 4, 3),
(208, 3, 3, 4, 4),
(209, 3, 3, 5, 1),
(210, 3, 3, 5, 2),
(211, 3, 3, 5, 3),
(212, 3, 3, 5, 4),
(213, 3, 3, 6, 1),
(214, 3, 3, 6, 2),
(215, 3, 3, 6, 3),
(216, 3, 3, 6, 4),
(217, 4, 1, 1, 1),
(218, 4, 1, 1, 2),
(219, 4, 1, 1, 3),
(220, 4, 1, 1, 4),
(221, 4, 1, 2, 1),
(222, 4, 1, 2, 2),
(223, 4, 1, 2, 3),
(224, 4, 1, 2, 4),
(225, 4, 1, 3, 1),
(226, 4, 1, 3, 2),
(227, 4, 1, 3, 3),
(228, 4, 1, 3, 4),
(229, 4, 1, 4, 1),
(230, 4, 1, 4, 2),
(231, 4, 1, 4, 3),
(232, 4, 1, 4, 4),
(233, 4, 1, 5, 1),
(234, 4, 1, 5, 2),
(235, 4, 1, 5, 3),
(236, 4, 1, 5, 4),
(237, 4, 1, 6, 1),
(238, 4, 1, 6, 2),
(239, 4, 1, 6, 3),
(240, 4, 1, 6, 4),
(241, 4, 2, 1, 1),
(242, 4, 2, 1, 2),
(243, 4, 2, 1, 3),
(244, 4, 2, 1, 4),
(245, 4, 2, 2, 1),
(246, 4, 2, 2, 2),
(247, 4, 2, 2, 3),
(248, 4, 2, 2, 4),
(249, 4, 2, 3, 1),
(250, 4, 2, 3, 2),
(251, 4, 2, 3, 3),
(252, 4, 2, 3, 4),
(253, 4, 2, 4, 1),
(254, 4, 2, 4, 2),
(255, 4, 2, 4, 3),
(256, 4, 2, 4, 4),
(257, 4, 2, 5, 1),
(258, 4, 2, 5, 2),
(259, 4, 2, 5, 3),
(260, 4, 2, 5, 4),
(261, 4, 2, 6, 1),
(262, 4, 2, 6, 2),
(263, 4, 2, 6, 3),
(264, 4, 2, 6, 4),
(265, 4, 3, 1, 1),
(266, 4, 3, 1, 2),
(267, 4, 3, 1, 3),
(268, 4, 3, 1, 4),
(269, 4, 3, 2, 1),
(270, 4, 3, 2, 2),
(271, 4, 3, 2, 3),
(272, 4, 3, 2, 4),
(273, 4, 3, 3, 1),
(274, 4, 3, 3, 2),
(275, 4, 3, 3, 3),
(276, 4, 3, 3, 4),
(277, 4, 3, 4, 1),
(278, 4, 3, 4, 2),
(279, 4, 3, 4, 3),
(280, 4, 3, 4, 4),
(281, 4, 3, 5, 1),
(282, 4, 3, 5, 2),
(283, 4, 3, 5, 3),
(284, 4, 3, 5, 4),
(285, 4, 3, 6, 1),
(286, 4, 3, 6, 2),
(287, 4, 3, 6, 3),
(288, 4, 3, 6, 4),
(289, 5, 1, 1, 1),
(290, 5, 1, 1, 2),
(291, 5, 1, 1, 3),
(292, 5, 1, 1, 4),
(293, 5, 1, 2, 1),
(294, 5, 1, 2, 2),
(295, 5, 1, 2, 3),
(296, 5, 1, 2, 4),
(297, 5, 1, 3, 1),
(298, 5, 1, 3, 2),
(299, 5, 1, 3, 3),
(300, 5, 1, 3, 4),
(301, 5, 1, 4, 1),
(302, 5, 1, 4, 2),
(303, 5, 1, 4, 3),
(304, 5, 1, 4, 4),
(305, 5, 1, 5, 1),
(306, 5, 1, 5, 2),
(307, 5, 1, 5, 3),
(308, 5, 1, 5, 4),
(309, 5, 1, 6, 1),
(310, 5, 1, 6, 2),
(311, 5, 1, 6, 3),
(312, 5, 1, 6, 4),
(313, 5, 2, 1, 1),
(314, 5, 2, 1, 2),
(315, 5, 2, 1, 3),
(316, 5, 2, 1, 4),
(317, 5, 2, 2, 1),
(318, 5, 2, 2, 2),
(319, 5, 2, 2, 3),
(320, 5, 2, 2, 4),
(321, 5, 2, 3, 1),
(322, 5, 2, 3, 2),
(323, 5, 2, 3, 3),
(324, 5, 2, 3, 4),
(325, 5, 2, 4, 1),
(326, 5, 2, 4, 2),
(327, 5, 2, 4, 3),
(328, 5, 2, 4, 4),
(329, 5, 2, 5, 1),
(330, 5, 2, 5, 2),
(331, 5, 2, 5, 3),
(332, 5, 2, 5, 4),
(333, 5, 2, 6, 1),
(334, 5, 2, 6, 2),
(335, 5, 2, 6, 3),
(336, 5, 2, 6, 4),
(337, 5, 3, 1, 1),
(338, 5, 3, 1, 2),
(339, 5, 3, 1, 3),
(340, 5, 3, 1, 4),
(341, 5, 3, 2, 1),
(342, 5, 3, 2, 2),
(343, 5, 3, 2, 3),
(344, 5, 3, 2, 4),
(345, 5, 3, 3, 1),
(346, 5, 3, 3, 2),
(347, 5, 3, 3, 3),
(348, 5, 3, 3, 4),
(349, 5, 3, 4, 1),
(350, 5, 3, 4, 2),
(351, 5, 3, 4, 3),
(352, 5, 3, 4, 4),
(353, 5, 3, 5, 1),
(354, 5, 3, 5, 2),
(355, 5, 3, 5, 3),
(356, 5, 3, 5, 4),
(357, 5, 3, 6, 1),
(358, 5, 3, 6, 2),
(359, 5, 3, 6, 3),
(360, 5, 3, 6, 4);

INSERT INTO cursist(cursistId,email,wachtwoord)
VALUES
(1, "dirk@hotmail.com", "59qogibZ"),
(2, "dirk@hotmail.be", "tnmXUOvT"),
(3, "dirk@hotmail.tk", "O4ZxM6k3"),
(4, "dirk@outlook.com", "faF9e10O"),
(5, "dirk@outlook.be", "2G89mwpX"),
(6, "dirk@outlook.tk", "RxfXGDxa"),
(7, "dirk@gmail.com", "kD3s35q7"),
(8, "dirk@gmail.be", "QzhLKw4F"),
(9, "dirk@gmail.tk", "VkkbSh0g"),
(10, "steven@hotmail.com", "BLA03EJ9"),
(11, "steven@hotmail.be", "670GnqQY"),
(12, "steven@hotmail.tk", "jdc62BpK"),
(13, "steven@outlook.com", "K4wxLtD5"),
(14, "steven@outlook.be", "fHYQiriP"),
(15, "steven@outlook.tk", "i3kzIW9c"),
(16, "steven@gmail.com", "PIyE627E"),
(17, "steven@gmail.be", "LYUMpt05"),
(18, "steven@gmail.tk", "1rbcmwFd"),
(19, "simon@hotmail.com", "XXD7wuJq"),
(20, "simon@hotmail.be", "ckCAbJnD");

INSERT INTO formaat(formaatId,formaatNaam,formaatPrijs)
VALUES
(1, "klein", 0.00),
(2, "middel", 1.50),
(3, "groot", 3.00);

INSERT INTO saus(sausId,sausNaam,sausPrijs)
VALUES
(1,"zonder saus", 0.00),
(2,"andalouse", 0.50),
(3,"ketchup", 0.70),
(4,"samourai", 0.50),
(5,"stoofvlees", 2.00),
(6,"tartaar", 0.70);

INSERT INTO brood(broodId,broodNaam,broodPrijs)
VALUES
(1,"wit", 0.00),
(2,"bruin", 0.50),
(3,"fitness", 0.50),
(4,"meergranen", 1.00);
-- INSERT TABLE DATA HERE

ALTER TABLE broodje
ADD CONSTRAINT FK_BelegBroodje
FOREIGN KEY broodje(belegId) REFERENCES beleg(belegId);

ALTER TABLE broodje
ADD CONSTRAINT FK_FormaatBroodje
FOREIGN KEY broodje(formaatId) REFERENCES formaat(formaatId);

ALTER TABLE broodje
ADD CONSTRAINT FK_SausBroodje
FOREIGN KEY broodje(sausId) REFERENCES saus(sausId);

ALTER TABLE broodje
ADD CONSTRAINT FK_BroodBroodje
FOREIGN KEY broodje(broodId) REFERENCES brood(broodId);

ALTER TABLE bestelling
ADD CONSTRAINT FK_BroodjeBestelling
FOREIGN KEY bestelling(broodjeId) REFERENCES broodje(broodjeId);

ALTER TABLE bestelling
ADD CONSTRAINT FK_CursistBestelling
FOREIGN KEY bestelling(cursistId) REFERENCES cursist(cursistId);